segundo,diferenca_media_mp4_0a255,observacao
0-1s,0.0000,identico
1-2s,0.0000,identico
2-3s,0.0000,identico
3-4s,0.0000,identico
4-5s,0.0000,identico
5-6s,0.0000,identico
6-7s,18.6211,janela da mulher (6,50s-8,73s)
7-8s,51.7106,janela da mulher (6,50s-8,73s)
8-9s,13.0828,janela da mulher (6,50s-8,73s)
9-10s,1.5417,ruido de recompressao H.264; frames-fonte identicos
10-11s,1.4413,ruido de recompressao H.264; frames-fonte identicos
11-12s,1.4548,ruido de recompressao H.264; frames-fonte identicos
12-13s,1.4581,ruido de recompressao H.264; frames-fonte identicos
13-14s,1.4625,ruido de recompressao H.264; frames-fonte identicos
14-15s,1.5335,ruido de recompressao H.264; frames-fonte identicos
